URL,Title,EV_Content
https://www.siam.in,Society of Indian Automobile Manufacturers,Society of Indian Automobile Manufacturers Home Media News Contact BOOK HSRP Login Follow us : SIAM is the Apex National Body representing Indian Automobile Industry About Us Who We Are Office Bearers Members Working Partner International Associations Statistics Overview Production Trends Domestic Sales Trends Export Trends Economic Affairs Auto Policy Auto Policy 2002 Review of Automotive Mission Plan 2006 - 2016 Automotive Mission Plan 2006-2016 Automotive Mission Plan : 2016-26 (A Curtain Rai
https://www.siam.in#menu-right,Society of Indian Automobile Manufacturers,Society of Indian Automobile Manufacturers Home Media News Contact BOOK HSRP Login Follow us : SIAM is the Apex National Body representing Indian Automobile Industry About Us Who We Are Office Bearers Members Working Partner International Associations Statistics Overview Production Trends Domestic Sales Trends Export Trends Economic Affairs Auto Policy Auto Policy 2002 Review of Automotive Mission Plan 2006 - 2016 Automotive Mission Plan 2006-2016 Automotive Mission Plan : 2016-26 (A Curtain Rai
https://www.siam.in/,Society of Indian Automobile Manufacturers,Society of Indian Automobile Manufacturers Home Media News Contact BOOK HSRP Login Follow us : SIAM is the Apex National Body representing Indian Automobile Industry About Us Who We Are Office Bearers Members Working Partner International Associations Statistics Overview Production Trends Domestic Sales Trends Export Trends Economic Affairs Auto Policy Auto Policy 2002 Review of Automotive Mission Plan 2006 - 2016 Automotive Mission Plan 2006-2016 Automotive Mission Plan : 2016-26 (A Curtain Rai
https://www.siam.in/press-release.aspx?mpgid=48&pgidtrail=50,Society of Indian Automobile Manufactures,Society of Indian Automobile Manufactures Home Media News Contact BOOK HSRP Login Follow us : SIAM is the Apex National Body representing Indian Automobile Industry About Us Who We Are Office Bearers Members Working Partner International Associations Statistics Overview Production Trends Domestic Sales Trends Export Trends Economic Affairs Auto Policy Auto Policy 2002 Review of Automotive Mission Plan 2006 - 2016 Automotive Mission Plan 2006-2016 Automotive Mission Plan : 2016-26 (A Curtain Rais
https://www.siam.in/news.aspx?mpgid=53&pgidtrail=77&ns=national,Society of Indian Automobile Manufactures,Society of Indian Automobile Manufactures Loading ... Home Media News Contact BOOK HSRP Login Follow us : SIAM is the Apex National Body representing Indian Automobile Industry About Us Who We Are Office Bearers Members Working Partner International Associations Statistics Overview Production Trends Domestic Sales Trends Export Trends Economic Affairs Auto Policy Auto Policy 2002 Review of Automotive Mission Plan 2006 - 2016 Automotive Mission Plan 2006-2016 Automotive Mission Plan : 2016-26 (A 
https://www.siam.in/contact-us.aspx?mpgid=57&pgidtrail=58,Society of Indian Automobile Manufactures,Society of Indian Automobile Manufactures Home Media News Contact BOOK HSRP Login Follow us : SIAM is the Apex National Body representing Indian Automobile Industry About Us Who We Are Office Bearers Members Working Partner International Associations Statistics Overview Production Trends Domestic Sales Trends Export Trends Economic Affairs Auto Policy Auto Policy 2002 Review of Automotive Mission Plan 2006 - 2016 Automotive Mission Plan 2006-2016 Automotive Mission Plan : 2016-26 (A Curtain Rais
https://www.siam.in/hrspsubmit.aspx?mpgid=91&pgidtrail=91,Society of Indian Automobile Manufactures,Society of Indian Automobile Manufactures Loading ... Home Media News Contact BOOK HSRP Login Follow us : SIAM is the Apex National Body representing Indian Automobile Industry About Us Who We Are Office Bearers Members Working Partner International Associations Statistics Overview Production Trends Domestic Sales Trends Export Trends Economic Affairs Auto Policy Auto Policy 2002 Review of Automotive Mission Plan 2006 - 2016 Automotive Mission Plan 2006-2016 Automotive Mission Plan : 2016-26 (A 
https://www.siam.in/Member/login.aspx?mpgid=67&pgidtrail=67,Society of Indian Automobile Manufactures,Society of Indian Automobile Manufactures Home Media News Contact BOOK HSRP Login Follow us : SIAM is the Apex National Body representing Indian Automobile Industry About Us Who We Are Office Bearers Members Working Partner International Associations Statistics Overview Production Trends Domestic Sales Trends Export Trends Economic Affairs Auto Policy Auto Policy 2002 Review of Automotive Mission Plan 2006 - 2016 Automotive Mission Plan 2006-2016 Automotive Mission Plan : 2016-26 (A Curtain Rais
https://www.siam.in/about-us.aspx?mpgid=1&pgidtrail=2,Society of Indian Automobile Manufactures,Society of Indian Automobile Manufactures Home Media News Contact BOOK HSRP Login Follow us : SIAM is the Apex National Body representing Indian Automobile Industry About Us Who We Are Office Bearers Members Working Partner International Associations Statistics Overview Production Trends Domestic Sales Trends Export Trends Economic Affairs Auto Policy Auto Policy 2002 Review of Automotive Mission Plan 2006 - 2016 Automotive Mission Plan 2006-2016 Automotive Mission Plan : 2016-26 (A Curtain Rais
https://www.siam.in/presidents.aspx?mpgid=1&pgidtrail=3,Society of Indian Automobile Manufactures,Society of Indian Automobile Manufactures Home Media News Contact BOOK HSRP Login Follow us : SIAM is the Apex National Body representing Indian Automobile Industry About Us Who We Are Office Bearers Members Working Partner International Associations Statistics Overview Production Trends Domestic Sales Trends Export Trends Economic Affairs Auto Policy Auto Policy 2002 Review of Automotive Mission Plan 2006 - 2016 Automotive Mission Plan 2006-2016 Automotive Mission Plan : 2016-26 (A Curtain Rais
https://www.siam.in/members.aspx?mpgid=1&pgidtrail=4,Society of Indian Automobile Manufactures,Society of Indian Automobile Manufactures Home Media News Contact BOOK HSRP Login Follow us : SIAM is the Apex National Body representing Indian Automobile Industry About Us Who We Are Office Bearers Members Working Partner International Associations Statistics Overview Production Trends Domestic Sales Trends Export Trends Economic Affairs Auto Policy Auto Policy 2002 Review of Automotive Mission Plan 2006 - 2016 Automotive Mission Plan 2006-2016 Automotive Mission Plan : 2016-26 (A Curtain Rais
https://www.siam.in/about-us.aspx?mpgid=1&pgidtrail=5,Society of Indian Automobile Manufactures,Society of Indian Automobile Manufactures Home Media News Contact BOOK HSRP Login Follow us : SIAM is the Apex National Body representing Indian Automobile Industry About Us Who We Are Office Bearers Members Working Partner International Associations Statistics Overview Production Trends Domestic Sales Trends Export Trends Economic Affairs Auto Policy Auto Policy 2002 Review of Automotive Mission Plan 2006 - 2016 Automotive Mission Plan 2006-2016 Automotive Mission Plan : 2016-26 (A Curtain Rais
https://www.siam.in/about-us.aspx?mpgid=1&pgidtrail=6,Society of Indian Automobile Manufactures,Society of Indian Automobile Manufactures Home Media News Contact BOOK HSRP Login Follow us : SIAM is the Apex National Body representing Indian Automobile Industry About Us Who We Are Office Bearers Members Working Partner International Associations Statistics Overview Production Trends Domestic Sales Trends Export Trends Economic Affairs Auto Policy Auto Policy 2002 Review of Automotive Mission Plan 2006 - 2016 Automotive Mission Plan 2006-2016 Automotive Mission Plan : 2016-26 (A Curtain Rais
https://www.siam.in/statistics.aspx?mpgid=8&pgidtrail=9,Society of Indian Automobile Manufactures,Society of Indian Automobile Manufactures Home Media News Contact BOOK HSRP Login Follow us : SIAM is the Apex National Body representing Indian Automobile Industry About Us Who We Are Office Bearers Members Working Partner International Associations Statistics Overview Production Trends Domestic Sales Trends Export Trends Economic Affairs Auto Policy Auto Policy 2002 Review of Automotive Mission Plan 2006 - 2016 Automotive Mission Plan 2006-2016 Automotive Mission Plan : 2016-26 (A Curtain Rais
https://www.siam.in/statistics.aspx?mpgid=8&pgidtrail=13,Society of Indian Automobile Manufactures,Society of Indian Automobile Manufactures Home Media News Contact BOOK HSRP Login Follow us : SIAM is the Apex National Body representing Indian Automobile Industry About Us Who We Are Office Bearers Members Working Partner International Associations Statistics Overview Production Trends Domestic Sales Trends Export Trends Economic Affairs Auto Policy Auto Policy 2002 Review of Automotive Mission Plan 2006 - 2016 Automotive Mission Plan 2006-2016 Automotive Mission Plan : 2016-26 (A Curtain Rais
https://www.siam.in/statistics.aspx?mpgid=8&pgidtrail=14,Society of Indian Automobile Manufactures,Society of Indian Automobile Manufactures Home Media News Contact BOOK HSRP Login Follow us : SIAM is the Apex National Body representing Indian Automobile Industry About Us Who We Are Office Bearers Members Working Partner International Associations Statistics Overview Production Trends Domestic Sales Trends Export Trends Economic Affairs Auto Policy Auto Policy 2002 Review of Automotive Mission Plan 2006 - 2016 Automotive Mission Plan 2006-2016 Automotive Mission Plan : 2016-26 (A Curtain Rais
https://www.siam.in/statistics.aspx?mpgid=8&pgidtrail=15,Society of Indian Automobile Manufactures,Society of Indian Automobile Manufactures Home Media News Contact BOOK HSRP Login Follow us : SIAM is the Apex National Body representing Indian Automobile Industry About Us Who We Are Office Bearers Members Working Partner International Associations Statistics Overview Production Trends Domestic Sales Trends Export Trends Economic Affairs Auto Policy Auto Policy 2002 Review of Automotive Mission Plan 2006 - 2016 Automotive Mission Plan 2006-2016 Automotive Mission Plan : 2016-26 (A Curtain Rais
https://www.siam.in/economic-afairs.aspx?mpgid=16&pgidtrail=17,Society of Indian Automobile Manufactures,Society of Indian Automobile Manufactures Home Media News Contact BOOK HSRP Login Follow us : SIAM is the Apex National Body representing Indian Automobile Industry About Us Who We Are Office Bearers Members Working Partner International Associations Statistics Overview Production Trends Domestic Sales Trends Export Trends Economic Affairs Auto Policy Auto Policy 2002 Review of Automotive Mission Plan 2006 - 2016 Automotive Mission Plan 2006-2016 Automotive Mission Plan : 2016-26 (A Curtain Rais
https://www.siam.in/cpage.aspx?mpgid=16&pgid1=17&pgidtrail=79,Society of Indian Automobile Manufactures,Society of Indian Automobile Manufactures Home Media News Contact BOOK HSRP Login Follow us : SIAM is the Apex National Body representing Indian Automobile Industry About Us Who We Are Office Bearers Members Working Partner International Associations Statistics Overview Production Trends Domestic Sales Trends Export Trends Economic Affairs Auto Policy Auto Policy 2002 Review of Automotive Mission Plan 2006 - 2016 Automotive Mission Plan 2006-2016 Automotive Mission Plan : 2016-26 (A Curtain Rais
https://www.siam.in/cpage.aspx?mpgid=16&pgid1=17&pgidtrail=76,Society of Indian Automobile Manufactures,Society of Indian Automobile Manufactures Home Media News Contact BOOK HSRP Login Follow us : SIAM is the Apex National Body representing Indian Automobile Industry About Us Who We Are Office Bearers Members Working Partner International Associations Statistics Overview Production Trends Domestic Sales Trends Export Trends Economic Affairs Auto Policy Auto Policy 2002 Review of Automotive Mission Plan 2006 - 2016 Automotive Mission Plan 2006-2016 Automotive Mission Plan : 2016-26 (A Curtain Rais
https://www.siam.in/cpage.aspx?mpgid=16&pgid1=17&pgidtrail=74,Society of Indian Automobile Manufactures,Society of Indian Automobile Manufactures Home Media News Contact BOOK HSRP Login Follow us : SIAM is the Apex National Body representing Indian Automobile Industry About Us Who We Are Office Bearers Members Working Partner International Associations Statistics Overview Production Trends Domestic Sales Trends Export Trends Economic Affairs Auto Policy Auto Policy 2002 Review of Automotive Mission Plan 2006 - 2016 Automotive Mission Plan 2006-2016 Automotive Mission Plan : 2016-26 (A Curtain Rais
https://www.siam.in/cpage.aspx?mpgid=16&pgid1=17&pgidtrail=83,Society of Indian Automobile Manufactures,Society of Indian Automobile Manufactures Home Media News Contact BOOK HSRP Login Follow us : SIAM is the Apex National Body representing Indian Automobile Industry About Us Who We Are Office Bearers Members Working Partner International Associations Statistics Overview Production Trends Domestic Sales Trends Export Trends Economic Affairs Auto Policy Auto Policy 2002 Review of Automotive Mission Plan 2006 - 2016 Automotive Mission Plan 2006-2016 Automotive Mission Plan : 2016-26 (A Curtain Rais
https://www.siam.in/economic-afairs.aspx?mpgid=16&pgid1=18&pgidtrail=19,Society of Indian Automobile Manufactures,Society of Indian Automobile Manufactures Home Media News Contact BOOK HSRP Login Follow us : SIAM is the Apex National Body representing Indian Automobile Industry About Us Who We Are Office Bearers Members Working Partner International Associations Statistics Overview Production Trends Domestic Sales Trends Export Trends Economic Affairs Auto Policy Auto Policy 2002 Review of Automotive Mission Plan 2006 - 2016 Automotive Mission Plan 2006-2016 Automotive Mission Plan : 2016-26 (A Curtain Rais
https://www.siam.in/cpage.aspx?mpgid=16&pgid1=18&pgidtrail=85,Society of Indian Automobile Manufactures,Society of Indian Automobile Manufactures Home Media News Contact BOOK HSRP Login Follow us : SIAM is the Apex National Body representing Indian Automobile Industry About Us Who We Are Office Bearers Members Working Partner International Associations Statistics Overview Production Trends Domestic Sales Trends Export Trends Economic Affairs Auto Policy Auto Policy 2002 Review of Automotive Mission Plan 2006 - 2016 Automotive Mission Plan 2006-2016 Automotive Mission Plan : 2016-26 (A Curtain Rais
https://www.siam.in/economic-afairs.aspx?mpgid=16&pgid1=18&pgidtrail=20,Society of Indian Automobile Manufactures,Society of Indian Automobile Manufactures Home Media News Contact BOOK HSRP Login Follow us : SIAM is the Apex National Body representing Indian Automobile Industry About Us Who We Are Office Bearers Members Working Partner International Associations Statistics Overview Production Trends Domestic Sales Trends Export Trends Economic Affairs Auto Policy Auto Policy 2002 Review of Automotive Mission Plan 2006 - 2016 Automotive Mission Plan 2006-2016 Automotive Mission Plan : 2016-26 (A Curtain Rais
https://www.siam.in/events.aspx?mpgid=30&pgidtrail=68&et=current,Society of Indian Automobile Manufactures,Society of Indian Automobile Manufactures Loading ... Home Media News Contact BOOK HSRP Login Follow us : SIAM is the Apex National Body representing Indian Automobile Industry About Us Who We Are Office Bearers Members Working Partner International Associations Statistics Overview Production Trends Domestic Sales Trends Export Trends Economic Affairs Auto Policy Auto Policy 2002 Review of Automotive Mission Plan 2006 - 2016 Automotive Mission Plan 2006-2016 Automotive Mission Plan : 2016-26 (A 
https://www.siam.in/events.aspx?mpgid=30&pgidtrail=69&et=past,Society of Indian Automobile Manufactures,Society of Indian Automobile Manufactures Loading ... Home Media News Contact BOOK HSRP Login Follow us : SIAM is the Apex National Body representing Indian Automobile Industry About Us Who We Are Office Bearers Members Working Partner International Associations Statistics Overview Production Trends Domestic Sales Trends Export Trends Economic Affairs Auto Policy Auto Policy 2002 Review of Automotive Mission Plan 2006 - 2016 Automotive Mission Plan 2006-2016 Automotive Mission Plan : 2016-26 (A 
https://www.siam.in/technical-regulation.aspx?mpgid=31&pgidtrail=32,Society of Indian Automobile Manufactures,Society of Indian Automobile Manufactures Home Media News Contact BOOK HSRP Login Follow us : SIAM is the Apex National Body representing Indian Automobile Industry About Us Who We Are Office Bearers Members Working Partner International Associations Statistics Overview Production Trends Domestic Sales Trends Export Trends Economic Affairs Auto Policy Auto Policy 2002 Review of Automotive Mission Plan 2006 - 2016 Automotive Mission Plan 2006-2016 Automotive Mission Plan : 2016-26 (A Curtain Rais
https://www.siam.in/cpage.aspx?mpgid=31&pgidtrail=93,Society of Indian Automobile Manufactures,Society of Indian Automobile Manufactures Home Media News Contact BOOK HSRP Login Follow us : SIAM is the Apex National Body representing Indian Automobile Industry About Us Who We Are Office Bearers Members Working Partner International Associations Statistics Overview Production Trends Domestic Sales Trends Export Trends Economic Affairs Auto Policy Auto Policy 2002 Review of Automotive Mission Plan 2006 - 2016 Automotive Mission Plan 2006-2016 Automotive Mission Plan : 2016-26 (A Curtain Rais
https://www.siam.in/technical-regulation.aspx?mpgid=31&pgidtrail=33,Society of Indian Automobile Manufactures,Society of Indian Automobile Manufactures Home Media News Contact BOOK HSRP Login Follow us : SIAM is the Apex National Body representing Indian Automobile Industry About Us Who We Are Office Bearers Members Working Partner International Associations Statistics Overview Production Trends Domestic Sales Trends Export Trends Economic Affairs Auto Policy Auto Policy 2002 Review of Automotive Mission Plan 2006 - 2016 Automotive Mission Plan 2006-2016 Automotive Mission Plan : 2016-26 (A Curtain Rais
https://www.siam.in/technical-regulation.aspx?mpgid=31&pgidtrail=34,Society of Indian Automobile Manufactures,Society of Indian Automobile Manufactures Home Media News Contact BOOK HSRP Login Follow us : SIAM is the Apex National Body representing Indian Automobile Industry About Us Who We Are Office Bearers Members Working Partner International Associations Statistics Overview Production Trends Domestic Sales Trends Export Trends Economic Affairs Auto Policy Auto Policy 2002 Review of Automotive Mission Plan 2006 - 2016 Automotive Mission Plan 2006-2016 Automotive Mission Plan : 2016-26 (A Curtain Rais
https://www.siam.in/technical-regulation.aspx?mpgid=31&pgidtrail=35,Society of Indian Automobile Manufactures,Society of Indian Automobile Manufactures Home Media News Contact BOOK HSRP Login Follow us : SIAM is the Apex National Body representing Indian Automobile Industry About Us Who We Are Office Bearers Members Working Partner International Associations Statistics Overview Production Trends Domestic Sales Trends Export Trends Economic Affairs Auto Policy Auto Policy 2002 Review of Automotive Mission Plan 2006 - 2016 Automotive Mission Plan 2006-2016 Automotive Mission Plan : 2016-26 (A Curtain Rais
https://www.siam.in/cpage.aspx?mpgid=31&pgidtrail=82,Society of Indian Automobile Manufactures,Society of Indian Automobile Manufactures Home Media News Contact BOOK HSRP Login Follow us : SIAM is the Apex National Body representing Indian Automobile Industry About Us Who We Are Office Bearers Members Working Partner International Associations Statistics Overview Production Trends Domestic Sales Trends Export Trends Economic Affairs Auto Policy Auto Policy 2002 Review of Automotive Mission Plan 2006 - 2016 Automotive Mission Plan 2006-2016 Automotive Mission Plan : 2016-26 (A Curtain Rais
https://www.siam.in/siam-voluntary-recall.aspx?mpgid=31&pgidtrail=84,Society of Indian Automobile Manufactures,"Society of Indian Automobile Manufactures Loading ... Back to DHI Website Enter SIAM Website ‡§µ‡§æ‡§π‡§® ‡§™‡•Å‡§∞‡•ç‡§®‡§∞‡§ï‡•ç‡§∑‡§£ ‡§∏‡§Ç‡§∏‡•Ç‡§ö‡§®‡§æ (‡§µ‡§æ‡§™‡§∏) Voluntary Recall Information ‚ÄúAt the behest of Ministry of Heavy Industries, Government of India, Vehicle Recall
                Data is being uploaded in the Portal by SIAM for information accessible to all stakeholders
                including public‚Äù Manufacturer Name --select one-- BMW India Pvt Ltd Fiat India Automobiles Pvt Ltd Ford India Pvt Ltd General Motors Ind"
https://www.siam.in/cpage.aspx?mpgid=31&pgidtrail=100,Society of Indian Automobile Manufactures,Society of Indian Automobile Manufactures Home Media News Contact BOOK HSRP Login Follow us : SIAM is the Apex National Body representing Indian Automobile Industry About Us Who We Are Office Bearers Members Working Partner International Associations Statistics Overview Production Trends Domestic Sales Trends Export Trends Economic Affairs Auto Policy Auto Policy 2002 Review of Automotive Mission Plan 2006 - 2016 Automotive Mission Plan 2006-2016 Automotive Mission Plan : 2016-26 (A Curtain Rais
https://www.siam.in/publications.aspx?mpgid=42&pgidtrail=45,Society of Indian Automobile Manufactures,Society of Indian Automobile Manufactures Home Media News Contact BOOK HSRP Login Follow us : SIAM is the Apex National Body representing Indian Automobile Industry About Us Who We Are Office Bearers Members Working Partner International Associations Statistics Overview Production Trends Domestic Sales Trends Export Trends Economic Affairs Auto Policy Auto Policy 2002 Review of Automotive Mission Plan 2006 - 2016 Automotive Mission Plan 2006-2016 Automotive Mission Plan : 2016-26 (A Curtain Rais
https://www.siam.in/publications.aspx?mpgid=42&pgidtrail=44,Society of Indian Automobile Manufactures,Society of Indian Automobile Manufactures Home Media News Contact BOOK HSRP Login Follow us : SIAM is the Apex National Body representing Indian Automobile Industry About Us Who We Are Office Bearers Members Working Partner International Associations Statistics Overview Production Trends Domestic Sales Trends Export Trends Economic Affairs Auto Policy Auto Policy 2002 Review of Automotive Mission Plan 2006 - 2016 Automotive Mission Plan 2006-2016 Automotive Mission Plan : 2016-26 (A Curtain Rais
https://www.siam.in/cpage.aspx?mpgid=42&pgidtrail=87,Society of Indian Automobile Manufactures,Society of Indian Automobile Manufactures Home Media News Contact BOOK HSRP Login Follow us : SIAM is the Apex National Body representing Indian Automobile Industry About Us Who We Are Office Bearers Members Working Partner International Associations Statistics Overview Production Trends Domestic Sales Trends Export Trends Economic Affairs Auto Policy Auto Policy 2002 Review of Automotive Mission Plan 2006 - 2016 Automotive Mission Plan 2006-2016 Automotive Mission Plan : 2016-26 (A Curtain Rais
https://www.siam.in/cpage.aspx?mpgid=42&pgidtrail=89,Society of Indian Automobile Manufactures,Society of Indian Automobile Manufactures Home Media News Contact BOOK HSRP Login Follow us : SIAM is the Apex National Body representing Indian Automobile Industry About Us Who We Are Office Bearers Members Working Partner International Associations Statistics Overview Production Trends Domestic Sales Trends Export Trends Economic Affairs Auto Policy Auto Policy 2002 Review of Automotive Mission Plan 2006 - 2016 Automotive Mission Plan 2006-2016 Automotive Mission Plan : 2016-26 (A Curtain Rais
https://www.siam.in/news.aspx?mpgid=53&pgidtrail=78&ns=international,Society of Indian Automobile Manufactures,Society of Indian Automobile Manufactures Loading ... Home Media News Contact BOOK HSRP Login Follow us : SIAM is the Apex National Body representing Indian Automobile Industry About Us Who We Are Office Bearers Members Working Partner International Associations Statistics Overview Production Trends Domestic Sales Trends Export Trends Economic Affairs Auto Policy Auto Policy 2002 Review of Automotive Mission Plan 2006 - 2016 Automotive Mission Plan 2006-2016 Automotive Mission Plan : 2016-26 (A 
https://www.siam.in/pressrelease-details.aspx?mpgid=48&pgidtrail=50&pid=578,Society of Indian Automobile Manufactures,Society of Indian Automobile Manufactures Home Media News Contact BOOK HSRP Login Follow us : SIAM is the Apex National Body representing Indian Automobile Industry About Us Who We Are Office Bearers Members Working Partner International Associations Statistics Overview Production Trends Domestic Sales Trends Export Trends Economic Affairs Auto Policy Auto Policy 2002 Review of Automotive Mission Plan 2006 - 2016 Automotive Mission Plan 2006-2016 Automotive Mission Plan : 2016-26 (A Curtain Rais
https://www.siam.in/pressrelease-details.aspx?mpgid=48&pgidtrail=50&pid=577,Society of Indian Automobile Manufactures,Society of Indian Automobile Manufactures Home Media News Contact BOOK HSRP Login Follow us : SIAM is the Apex National Body representing Indian Automobile Industry About Us Who We Are Office Bearers Members Working Partner International Associations Statistics Overview Production Trends Domestic Sales Trends Export Trends Economic Affairs Auto Policy Auto Policy 2002 Review of Automotive Mission Plan 2006 - 2016 Automotive Mission Plan 2006-2016 Automotive Mission Plan : 2016-26 (A Curtain Rais
https://www.siam.in/pressrelease-details.aspx?mpgid=48&pgidtrail=50&pid=576,Society of Indian Automobile Manufactures,Society of Indian Automobile Manufactures Home Media News Contact BOOK HSRP Login Follow us : SIAM is the Apex National Body representing Indian Automobile Industry About Us Who We Are Office Bearers Members Working Partner International Associations Statistics Overview Production Trends Domestic Sales Trends Export Trends Economic Affairs Auto Policy Auto Policy 2002 Review of Automotive Mission Plan 2006 - 2016 Automotive Mission Plan 2006-2016 Automotive Mission Plan : 2016-26 (A Curtain Rais
https://www.siam.in/uploads/filemanager/ac24fbakLbl/Achieving-Global-Leadership-in-Sustainable-Mobility.pdf,,"%PDF-1.6%ÔøΩÔøΩÔøΩÔøΩ
363 0 obj< >endobj        
369 0 obj< >/Filter/FlateDecode/ID[ <40F9E06ED66E0849A403000CF8309478>]/Index[363 8]/Info 362 0 R/Length 40/Prev 22524463/Root 364 0 R/Size 371/Type/XRef/W[1 2 0]>>stream
hÔøΩbbd`b`9ÔøΩÔøΩÔøΩÔøΩ
ÔøΩÔøΩÔøΩÔøΩÔøΩÔøΩÔøΩ~dÔøΩ>  AÔøΩ
endstreamendobjstartxref
0
%%EOF
      
370 0 obj< >stream
hﬁºSÔøΩKSQ~ÔøΩu?ÔøΩÔøΩÿ¶ss.\ ú+%KÔøΩiÔøΩÔøΩÔøΩ\BÔøΩÔøΩÔøΩR!4ÔøΩBÔøΩÔøΩRÔøΩmÔøΩÔøΩnÔøΩlÔøΩ	""ÔøΩ%RÔøΩ4ÔøΩg}(ÔøΩÔøΩ}1ÔøΩÔøΩÔøΩeÔøΩAÔøΩÔøΩÔøΩÔøΩyÔøΩÔøΩÔøΩ/ÔøΩÔøΩÔøΩÔøΩB@85ÔøΩ=j â @lÔøΩ@∆•«æÔøΩ!ÔøΩÔøΩ ÔøΩÔøΩ(ÔøΩAZ ÔøΩÔøΩuÔøΩ»ÜÔøΩyÔøΩÔøΩ8ÔøΩ…Ä8.ÔøΩ)ÔøΩLXNh6^<ÔøΩoMzÔøΩSsO=3—ÜÔøΩÔøΩYÔøΩ"
https://www.siam.in/uploads/filemanager/516retrospect-BharaMobilityGlobalExpoSIAM2024.pdf,,"%PDF-1.7
%ÔøΩÔøΩÔøΩÔøΩ
1247 0 obj
<<
/Linearized 1
/L 22885193  
/H [ 2583 1861            ]
/O 1249
/E 1092138   
/N 15
/T 22860127  
>>
endobj
xref
1247 78
0000000017 00000 n
0000001901 00000 n
0000004444 00000 n
0000005328 00000 n
0000064366 00000 n
0000064439 00000 n
0000064517 00000 n
0000064590 00000 n
0000064649 00000 n
0000066273 00000 n
0000066315 00000 n
0000069026 00000 n
0000223292 00000 n
0000378841 00000 n
0000378950 00000 n
0000379059 00000 n
0000379167 0000"
https://www.siam.in/uploads/filemanager/416BackgroundPaper-SustainableMobility2023.pdf,,"%PDF-1.6%ÔøΩÔøΩÔøΩÔøΩ
5066 0 obj< >endobj       
5091 0 obj< >/Filter/FlateDecode/ID[ <7A6922AEF14E5A41BEED5884BF8BC3DA>]/Index[5066 71]/Info 5065 0 R/Length 121/Prev 5489506/Root 5067 0 R/Size 5137/Type/XRef/W[1 3 1]>>stream
hÔøΩbbd```b``ÔøΩÔøΩ ÔøΩmÔøΩÔøΩÔøΩÔøΩÔøΩ r&HÔøΩÔøΩÔøΩÔøΩÔøΩÔøΩ""ÕÇ@""ÔøΩWAÔøΩ@	ÔøΩD2ÔøΩÔøΩÔøΩ<ÔøΩÔøΩÔøΩ&0TÔøΩeC@$KÔøΩÔøΩ	&9ÔøΩ$+Xe>ÔøΩÔøΩMÔøΩÔøΩ``bdÔøΩÔøΩe`ÔøΩÔøΩÔøΩÔøΩ5W ZÔøΩ
endstreamendobjstartxref
0
%%EOF
                                                        
5136 0 obj< >stream
hÔøΩÔøΩU}PTU?ÔøΩ}ÔøΩ,„≤ªÔøΩÔøΩcc)CÔøΩeÔøΩEz.ÔøΩÔøΩ"
https://www.siam.in/uploads/filemanager/377ChakriytaContextPaper.pdf,,"%PDF-1.7
%ÔøΩÔøΩÔøΩÔøΩ
677 0 obj
<<
/Linearized 1
/L 3474498   
/H [ 3334 1240            ]
/O 679
/E 147244    
/N 36
/T 3460833   
>>
endobj
xref
677 33
0000000017 00000 n
0000000995 00000 n
0000004574 00000 n
0000005116 00000 n
0000070137 00000 n
0000070209 00000 n
0000070314 00000 n
0000070391 00000 n
0000070463 00000 n
0000070503 00000 n
0000073213 00000 n
0000136547 00000 n
0000136723 00000 n
0000136845 00000 n
0000137004 00000 n
0000137553 00000 n
0000137636 00000 n"
https://www.siam.in/csrlist.aspx?mpgid=96&pgidtrail=96,Society of Indian Automobile Manufactures,Society of Indian Automobile Manufactures Home Media News Contact BOOK HSRP Login Follow us : SIAM is the Apex National Body representing Indian Automobile Industry About Us Who We Are Office Bearers Members Working Partner International Associations Statistics Overview Production Trends Domestic Sales Trends Export Trends Economic Affairs Auto Policy Auto Policy 2002 Review of Automotive Mission Plan 2006 - 2016 Automotive Mission Plan 2006-2016 Automotive Mission Plan : 2016-26 (A Curtain Rais
https://www.siam.in/uploads/filemanager/287ImpactofCustomsDutyReductionofLocalManufacturing-Rev5.pdf,,"%PDF-1.7
%ÔøΩÔøΩÔøΩÔøΩ
1 0 obj
< >/Metadata 1199 0 R/ViewerPreferences 1200 0 R>>
endobj
2 0 obj
< >
endobj
3 0 obj
< >/Font< >/ProcSet[/PDF/Text/ImageB/ImageC/ImageI] >>/MediaBox[ 0 0 960 540] /Contents 4 0 R/Group< >/Tabs/S/StructParents 0>>
endobj
4 0 obj
< >
stream
xÔøΩÔøΩÔøΩÔøΩjÔøΩ@ÔøΩÔøΩÔøΩÔøΩ√øLÔøΩÔøΩ-' ÔøΩw,⁄ö“ÖÔøΩHcÔøΩ
ubuÔøΩÔøΩÔøΩ;ÔøΩVjÔøΩÔøΩÔøΩnÔøΩ9ÔøΩÔøΩ}ÔøΩÔøΩÔøΩÔøΩeÔøΩÔøΩÔøΩIÔøΩÔøΩÔøΩcÔøΩÔøΩÔøΩÔøΩBÔøΩÔøΩgÔøΩdÔøΩÔøΩ‹ÄÔøΩ-:ÔøΩ(ÔøΩÔøΩÔøΩQÔøΩY»ôÔøΩTÔøΩÔøΩzÔøΩ-LWÔøΩÔøΩ:QhÔøΩÔøΩ7ÔøΩ—ªDp2uÔøΩ4uÔøΩmtÔøΩÔøΩÔøΩÔøΩVÔøΩÔøΩX vat76ÔøΩ^HÔøΩÔøΩÔøΩ5ÔøΩ! ÔøΩ$ ÔøΩÔøΩ? √ΩÔøΩÔøΩ
endstream
endobj
5 0 obj
< >
endobj
6 0 obj
< >"
